Case_ID,Person_ID,Age_Group,Gender,Last_Latitude,Last_Longitude,Last_Seen_Time,Day,Weather,Usual_Area,Average_Distance,Average_Speed,Previous_Area,Time_Since_Last_Seen,Target_Area
MP-2026-001,PERSON_001,36–50,Male,17.351868142366616,78.50918828326927,23:02,Sunday,Fog,Area E,19.4,42.5,Area E,2.5,Area E
MP-2026-002,PERSON_002,26–35,Female,17.3891710403563,78.48097323829361,15:14,Thursday,Clear,Area A,15.9,14.0,Area D,33.4,Area A
MP-2026-003,PERSON_003,36–50,Male,17.340339337826965,78.50973282490304,20:01,Wednesday,Clear,Area C,9.4,10.5,Area E,49.6,Area C
MP-2026-004,PERSON_004,18–25,Other,17.399132862076716,78.4855772403327,21:41,Wednesday,Rain,Area A,1.6,42.9,Area D,41.3,Area A
MP-2026-005,PERSON_005,51+,Female,17.396321142717255,78.47003956110073,17:46,Tuesday,Rain,Area D,7.8,17.6,Area D,59.8,Area D
MP-2026-006,PERSON_006,51+,Male,17.375615958207547,78.47988070841625,07:23,Monday,Clear,Area E,4.8,37.0,Area A,2.0,Area E
MP-2026-007,PERSON_007,36–50,Male,17.39298541281854,78.42084865274133,01:32,Wednesday,Clear,Area B,6.9,19.6,Area B,5.5,Area B
MP-2026-008,PERSON_008,36–50,Female,17.38628623890772,78.51914868351416,22:13,Wednesday,Fog,Area A,10.9,24.2,Area C,36.1,Area A
MP-2026-009,PERSON_009,26–35,Male,17.39745633030008,78.48007574751738,06:44,Wednesday,Fog,Area A,4.9,47.4,Area D,39.3,Area A
MP-2026-010,PERSON_010,36–50,Other,17.388277485574786,78.41439009762166,11:43,Wednesday,Rain,Area D,17.8,19.6,Area B,30.6,Area D
MP-2026-011,PERSON_011,36–50,Male,17.39136301016928,78.48525485575654,08:02,Sunday,Rain,Area A,10.7,23.8,Area A,1.5,Area A
MP-2026-012,PERSON_012,18–25,Male,17.390852350744993,78.51604359525884,16:48,Wednesday,Rain,Area D,5.7,36.3,Area C,19.0,Area D
MP-2026-013,PERSON_013,36–50,Male,17.378125509726758,78.51519039271683,04:31,Friday,Clear,Area A,5.6,11.5,Area C,65.5,Area A
MP-2026-014,PERSON_014,51+,Female,17.385060586809768,78.51207535939291,04:51,Saturday,Storm,Area D,8.6,41.7,Area C,70.8,Area D
MP-2026-015,PERSON_015,51+,Male,17.35406357730474,78.499378348092,18:19,Monday,Storm,Area C,4.3,36.1,Area E,46.8,Area E
MP-2026-016,PERSON_016,51+,Other,17.3796376961101,78.51795131518735,15:25,Tuesday,Storm,Area A,10.8,16.7,Area C,70.7,Area A
MP-2026-017,PERSON_017,18–25,Female,17.38624547415058,78.50984655043037,15:02,Thursday,Clear,Area E,8.7,44.9,Area C,61.8,Area E
MP-2026-018,PERSON_018,51+,Other,17.404201039785516,78.47713352999762,17:45,Monday,Storm,Area D,14.1,34.3,Area D,40.0,Area D
MP-2026-019,PERSON_019,18–25,Male,17.405702716926463,78.48274810134949,00:47,Thursday,Clear,Area E,8.0,16.9,Area D,7.7,Area E
MP-2026-020,PERSON_020,26–35,Female,17.38148643069833,78.52243837658047,14:32,Saturday,Rain,Area E,14.7,17.6,Area C,14.9,Area C
MP-2026-021,PERSON_021,36–50,Male,17.352109052837445,78.5066685833536,04:23,Monday,Storm,Area D,11.5,30.8,Area E,24.5,Area D
MP-2026-022,PERSON_022,51+,Male,17.34991691590656,78.49539035967437,17:24,Thursday,Fog,Area E,17.0,46.9,Area E,29.0,Area E
MP-2026-023,PERSON_023,26–35,Female,17.385835609541488,78.51292418426421,08:42,Sunday,Rain,Area B,11.5,18.3,Area C,51.3,Area B
MP-2026-024,PERSON_024,26–35,Other,17.408553351073248,78.47799256403212,00:07,Tuesday,Clear,Area E,16.1,45.1,Area D,50.8,Area E
MP-2026-025,PERSON_025,36–50,Other,17.37247893871404,78.51695722890436,21:48,Thursday,Rain,Area B,16.6,21.2,Area C,3.7,Area B
MP-2026-026,PERSON_026,51+,Male,17.397714736272995,78.47903832511633,12:31,Monday,Storm,Area E,11.3,33.7,Area D,38.7,Area E
MP-2026-027,PERSON_027,51+,Male,17.377458817546778,78.51459702398735,04:25,Tuesday,Storm,Area B,16.9,36.3,Area C,69.3,Area C
MP-2026-028,PERSON_028,18–25,Male,17.39224837323357,78.41886041278121,06:04,Tuesday,Rain,Area A,9.0,16.1,Area B,44.4,Area A
MP-2026-029,PERSON_029,51+,Other,17.352692033046345,78.50800887711237,11:15,Friday,Rain,Area A,10.3,26.3,Area E,7.9,Area A
MP-2026-030,PERSON_030,18–25,Female,17.398535462106853,78.40879161634982,00:55,Saturday,Clear,Area B,4.1,8.2,Area B,47.8,Area D
MP-2026-031,PERSON_031,36–50,Female,17.409296653512307,78.4717669546743,00:50,Monday,Storm,Area C,12.9,41.9,Area D,59.3,Area C
MP-2026-032,PERSON_032,51+,Female,17.34838039149956,78.50357861296233,17:34,Wednesday,Storm,Area E,13.5,22.3,Area E,24.9,Area E
MP-2026-033,PERSON_033,26–35,Female,17.379779535100568,78.49334697745226,10:28,Saturday,Rain,Area C,8.9,48.5,Area A,3.8,Area C
MP-2026-034,PERSON_034,51+,Female,17.387455047238262,78.4790773559815,22:31,Friday,Clear,Area C,9.2,38.8,Area A,61.9,Area A
MP-2026-035,PERSON_035,18–25,Other,17.382378401600644,78.49146033404958,18:48,Monday,Rain,Area A,19.2,43.1,Area A,4.8,Area A
MP-2026-036,PERSON_036,18–25,Other,17.387039130147397,78.52588673213525,20:35,Thursday,Rain,Area D,15.8,10.1,Area C,68.2,Area D
MP-2026-037,PERSON_037,18–25,Female,17.354917857377,78.50661602801136,16:37,Tuesday,Fog,Area B,14.3,8.3,Area E,7.0,Area E
MP-2026-038,PERSON_038,26–35,Other,17.356244707597657,78.50174879819235,06:24,Tuesday,Rain,Area E,7.7,36.9,Area E,43.0,Area E
MP-2026-039,PERSON_039,36–50,Male,17.389817474451142,78.41594811296076,19:27,Thursday,Rain,Area C,16.6,38.5,Area B,55.5,Area B
MP-2026-040,PERSON_040,36–50,Male,17.399650563248425,78.48024441444056,05:57,Thursday,Rain,Area A,19.4,6.9,Area D,1.9,Area A
MP-2026-041,PERSON_041,18–25,Female,17.348113337199162,78.5052217392347,14:40,Friday,Fog,Area D,6.6,49.8,Area E,16.4,Area D
MP-2026-042,PERSON_042,26–35,Female,17.39237043590503,78.5111292147679,07:57,Wednesday,Storm,Area A,9.8,20.9,Area C,14.4,Area A
MP-2026-043,PERSON_043,26–35,Male,17.393633080205753,78.47925161228859,15:28,Monday,Storm,Area C,2.4,47.3,Area A,10.5,Area C
MP-2026-044,PERSON_044,36–50,Male,17.397226296265128,78.41362504884519,14:48,Sunday,Clear,Area B,15.2,22.7,Area B,27.7,Area B
MP-2026-045,PERSON_045,36–50,Other,17.392422511122902,78.41354904864588,04:30,Monday,Clear,Area A,18.4,31.3,Area B,54.2,Area A
MP-2026-046,PERSON_046,18–25,Male,17.381711697311236,78.48281921796443,12:12,Tuesday,Rain,Area C,17.7,39.1,Area A,15.7,Area C
MP-2026-047,PERSON_047,26–35,Other,17.388739534382495,78.4204350539272,00:53,Sunday,Rain,Area B,2.7,40.6,Area B,69.7,Area B
MP-2026-048,PERSON_048,18–25,Other,17.351488503645346,78.50438357049173,17:33,Sunday,Fog,Area E,11.5,9.1,Area E,46.2,Area E
MP-2026-049,PERSON_049,26–35,Male,17.39738987782765,78.41525068061435,16:59,Saturday,Clear,Area D,1.9,32.9,Area B,5.7,Area D
MP-2026-050,PERSON_050,26–35,Male,17.375915161714705,78.5176090725693,23:24,Saturday,Fog,Area C,10.0,35.0,Area C,64.7,Area C
MP-2026-051,PERSON_051,26–35,Male,17.346395440539172,78.50134057937906,20:05,Tuesday,Fog,Area C,9.8,14.3,Area E,9.6,Area C
MP-2026-052,PERSON_052,26–35,Male,17.383994366192393,78.52119388155756,14:55,Saturday,Rain,Area E,18.5,7.7,Area C,63.0,Area E
MP-2026-053,PERSON_053,26–35,Male,17.399991310945822,78.46644642634475,22:13,Monday,Fog,Area E,15.2,6.7,Area D,33.8,Area E
MP-2026-054,PERSON_054,51+,Other,17.408985506482548,78.46567229688411,14:24,Sunday,Fog,Area C,4.5,30.4,Area D,53.4,Area C
MP-2026-055,PERSON_055,18–25,Other,17.390270997051314,78.48998279041734,12:17,Saturday,Rain,Area D,11.2,31.4,Area A,7.2,Area A
MP-2026-056,PERSON_056,51+,Male,17.38612432843905,78.49091335630015,23:58,Thursday,Fog,Area B,12.5,15.7,Area A,71.0,Area B
MP-2026-057,PERSON_057,26–35,Male,17.38540884226133,78.51589672649611,14:05,Saturday,Rain,Area D,10.3,37.5,Area C,70.2,Area D
MP-2026-058,PERSON_058,26–35,Male,17.388015976866793,78.41882392044869,21:03,Tuesday,Fog,Area C,10.6,15.9,Area B,31.2,Area C
MP-2026-059,PERSON_059,36–50,Male,17.372773520773894,78.52137927599294,23:09,Tuesday,Rain,Area E,11.4,14.1,Area C,40.0,Area C
MP-2026-060,PERSON_060,51+,Female,17.372636119567943,78.48273014283332,16:04,Thursday,Clear,Area E,19.3,10.6,Area A,60.0,Area A
MP-2026-061,PERSON_061,51+,Other,17.383861641635836,78.52307137667006,07:10,Monday,Rain,Area D,4.8,12.4,Area C,57.5,Area D
MP-2026-062,PERSON_062,18–25,Male,17.39987555813517,78.42009542803636,07:38,Friday,Fog,Area C,18.1,33.1,Area B,51.7,Area B
MP-2026-063,PERSON_063,18–25,Other,17.388428501021295,78.4750166540981,20:39,Sunday,Fog,Area A,11.3,24.4,Area A,17.3,Area A
MP-2026-064,PERSON_064,36–50,Other,17.40619617947138,78.47836630652418,03:28,Wednesday,Storm,Area B,6.9,16.2,Area D,11.8,Area D
MP-2026-065,PERSON_065,36–50,Male,17.38929772201457,78.41727357204108,12:30,Saturday,Storm,Area B,9.7,32.2,Area B,27.9,Area B
MP-2026-066,PERSON_066,36–50,Male,17.408018762247927,78.48795261819967,10:26,Friday,Clear,Area D,4.5,45.9,Area D,25.5,Area D
MP-2026-067,PERSON_067,26–35,Female,17.38232407544797,78.52838856411168,00:46,Sunday,Fog,Area B,12.3,9.6,Area C,52.6,Area B
MP-2026-068,PERSON_068,51+,Male,17.378287116279584,78.49614875967129,13:39,Friday,Storm,Area B,18.3,10.5,Area A,60.7,Area B
MP-2026-069,PERSON_069,18–25,Male,17.37972115762425,78.48306724859916,14:20,Tuesday,Rain,Area D,15.1,14.3,Area A,27.9,Area D
MP-2026-070,PERSON_070,18–25,Male,17.400217171574347,78.48109673223583,17:26,Tuesday,Clear,Area C,9.6,15.1,Area D,53.4,Area C
MP-2026-071,PERSON_071,51+,Other,17.400211896780537,78.48143706399249,10:21,Wednesday,Rain,Area A,5.0,28.2,Area D,16.6,Area A
MP-2026-072,PERSON_072,18–25,Male,17.345171644535885,78.4985459810634,22:50,Monday,Storm,Area D,18.1,14.2,Area E,15.9,Area D
MP-2026-073,PERSON_073,18–25,Male,17.3925031660955,78.42506102514552,21:27,Friday,Clear,Area C,10.4,39.4,Area B,35.2,Area C
MP-2026-074,PERSON_074,51+,Male,17.38577621643419,78.42473227932284,22:54,Friday,Fog,Area C,14.6,34.7,Area B,12.1,Area C
MP-2026-075,PERSON_075,18–25,Male,17.354535738887428,78.49473224799885,18:32,Sunday,Fog,Area C,14.7,41.2,Area E,40.5,Area C
MP-2026-076,PERSON_076,51+,Female,17.398080402840993,78.47326925375731,15:17,Saturday,Fog,Area D,2.6,14.4,Area D,1.9,Area D
MP-2026-077,PERSON_077,36–50,Male,17.395159063276836,78.47387450512315,01:02,Wednesday,Storm,Area E,6.1,33.1,Area D,42.9,Area E
MP-2026-078,PERSON_078,26–35,Female,17.402198645175396,78.47307613312697,13:22,Monday,Rain,Area E,9.1,6.0,Area D,57.8,Area E
MP-2026-079,PERSON_079,26–35,Male,17.378552105169796,78.48721870622194,22:36,Tuesday,Clear,Area A,18.4,10.3,Area A,2.3,Area A
MP-2026-080,PERSON_080,51+,Male,17.34812719730464,78.5067703939084,09:21,Saturday,Rain,Area A,18.1,44.3,Area E,10.7,Area A
MP-2026-081,PERSON_081,51+,Female,17.349682428455264,78.5081686730848,13:01,Thursday,Clear,Area A,15.0,8.7,Area E,12.8,Area A
MP-2026-082,PERSON_082,51+,Other,17.388127980837442,78.51075181725037,06:39,Tuesday,Clear,Area E,10.0,34.9,Area C,41.2,Area E
MP-2026-083,PERSON_083,26–35,Female,17.39436692998318,78.40837502719079,10:16,Friday,Storm,Area A,12.3,20.0,Area B,36.2,Area A
MP-2026-084,PERSON_084,26–35,Female,17.388834258417052,78.49472081024638,06:34,Friday,Clear,Area A,16.2,36.3,Area A,59.2,Area A
MP-2026-085,PERSON_085,26–35,Female,17.350100768760115,78.50723906733299,14:11,Tuesday,Storm,Area C,17.6,38.0,Area E,39.5,Area C
MP-2026-086,PERSON_086,18–25,Male,17.393477186757185,78.41700936554153,22:25,Sunday,Clear,Area A,18.4,6.5,Area B,41.3,Area A
MP-2026-087,PERSON_087,18–25,Other,17.381563013119592,78.51531948689215,17:58,Monday,Fog,Area B,1.7,31.8,Area C,59.9,Area C
MP-2026-088,PERSON_088,36–50,Male,17.380116284972708,78.51584562979878,14:55,Tuesday,Fog,Area E,16.0,19.3,Area C,39.3,Area E
MP-2026-089,PERSON_089,26–35,Male,17.3917405156079,78.42129832898104,02:58,Friday,Rain,Area D,7.7,39.5,Area B,71.9,Area D
MP-2026-090,PERSON_090,18–25,Female,17.392957467805914,78.46916303716846,04:00,Friday,Storm,Area A,3.1,21.0,Area D,18.0,Area D
MP-2026-091,PERSON_091,26–35,Female,17.383768993977,78.48229883288519,03:11,Thursday,Rain,Area E,16.2,16.7,Area A,68.9,Area E
MP-2026-092,PERSON_092,51+,Female,17.34972699010682,78.50083863978797,21:52,Sunday,Storm,Area C,3.3,7.1,Area E,60.0,Area E
MP-2026-093,PERSON_093,18–25,Female,17.37517554593232,78.51802810967756,08:34,Monday,Clear,Area B,11.0,16.7,Area C,43.4,Area C
MP-2026-094,PERSON_094,36–50,Female,17.382436036343197,78.5075919856197,08:03,Tuesday,Rain,Area A,2.7,44.5,Area C,42.2,Area C
MP-2026-095,PERSON_095,36–50,Other,17.384138916752885,78.52058875446421,04:10,Thursday,Clear,Area A,8.8,21.8,Area C,7.2,Area C
MP-2026-096,PERSON_096,51+,Other,17.394802900815755,78.41066679312655,04:12,Friday,Storm,Area B,10.4,26.6,Area B,61.4,Area B
MP-2026-097,PERSON_097,18–25,Other,17.38692970480892,78.51548879499443,00:58,Tuesday,Fog,Area B,14.5,42.7,Area C,62.6,Area C
MP-2026-098,PERSON_098,18–25,Male,17.399514952588593,78.47378823723203,06:30,Tuesday,Storm,Area C,11.6,39.0,Area D,1.1,Area C
MP-2026-099,PERSON_099,51+,Other,17.385187942584327,78.50841946413496,23:44,Tuesday,Storm,Area E,3.0,39.2,Area C,56.4,Area C
MP-2026-100,PERSON_100,26–35,Male,17.405218695517163,78.48133988352201,19:31,Tuesday,Fog,Area D,19.0,12.5,Area D,55.7,Area D
MP-2026-101,PERSON_101,51+,Female,17.388396355218916,78.42552495004801,02:51,Monday,Rain,Area A,1.5,6.0,Area B,54.8,Area A
MP-2026-102,PERSON_102,26–35,Other,17.372916453479245,78.5131382418112,03:16,Sunday,Storm,Area C,17.2,28.7,Area C,8.3,Area C
MP-2026-103,PERSON_103,18–25,Male,17.4002545055393,78.47222123902475,20:46,Wednesday,Storm,Area B,13.1,22.9,Area D,30.8,Area B
MP-2026-104,PERSON_104,18–25,Male,17.38507139854057,78.42318975012608,14:43,Wednesday,Fog,Area A,19.4,13.3,Area B,34.6,Area B
MP-2026-105,PERSON_105,18–25,Male,17.392311701510028,78.41951594589366,13:14,Friday,Storm,Area C,3.2,10.6,Area B,35.2,Area B
MP-2026-106,PERSON_106,51+,Male,17.3934095461941,78.4807795374811,23:07,Saturday,Storm,Area A,9.6,5.5,Area D,23.0,Area A
MP-2026-107,PERSON_107,26–35,Female,17.350352051020124,78.50128068324703,23:40,Tuesday,Rain,Area C,19.7,11.4,Area E,18.2,Area A
MP-2026-108,PERSON_108,51+,Female,17.38061274872871,78.4869029202765,12:29,Saturday,Storm,Area D,2.5,22.9,Area A,3.4,Area D
MP-2026-109,PERSON_109,26–35,Female,17.393088551001053,78.41663483059703,02:58,Sunday,Rain,Area B,18.8,7.3,Area B,3.2,Area B
MP-2026-110,PERSON_110,51+,Male,17.401939236262656,78.48270675952341,21:25,Tuesday,Storm,Area B,1.8,12.4,Area D,35.1,Area D
MP-2026-111,PERSON_111,26–35,Other,17.399764832890607,78.48007686190043,22:45,Tuesday,Rain,Area D,4.5,40.5,Area D,24.9,Area D
MP-2026-112,PERSON_112,36–50,Other,17.375782285136435,78.51799209313481,02:28,Thursday,Rain,Area B,4.9,42.8,Area C,30.7,Area B
MP-2026-113,PERSON_113,18–25,Female,17.354841851110415,78.50797632602091,23:49,Friday,Fog,Area B,12.0,24.7,Area E,62.6,Area E
MP-2026-114,PERSON_114,18–25,Female,17.404628183823647,78.4700740713835,21:11,Thursday,Rain,Area B,9.9,42.6,Area D,28.3,Area B
MP-2026-115,PERSON_115,18–25,Other,17.391201325306564,78.42183457220202,21:59,Tuesday,Storm,Area D,12.3,31.1,Area B,29.8,Area D
MP-2026-116,PERSON_116,51+,Female,17.386656467112157,78.51369439503114,04:00,Sunday,Rain,Area A,3.5,48.6,Area C,55.9,Area A
MP-2026-117,PERSON_117,36–50,Other,17.386894105357875,78.41809162920111,04:19,Wednesday,Rain,Area C,19.0,16.4,Area B,42.7,Area C
MP-2026-118,PERSON_118,26–35,Male,17.403276246692737,78.48010624040438,14:14,Wednesday,Clear,Area E,11.3,6.5,Area D,40.6,Area E
MP-2026-119,PERSON_119,26–35,Female,17.395179861204344,78.48110227702789,04:52,Monday,Fog,Area E,3.0,31.3,Area D,7.3,Area E
MP-2026-120,PERSON_120,51+,Female,17.382118134207047,78.51743338065378,06:30,Thursday,Clear,Area B,10.9,20.4,Area C,19.0,Area B
MP-2026-121,PERSON_121,26–35,Other,17.392711941424498,78.41271735941899,05:04,Saturday,Clear,Area D,5.9,34.8,Area B,69.4,Area D
MP-2026-122,PERSON_122,36–50,Female,17.392334590895096,78.42122419908576,11:26,Wednesday,Rain,Area B,14.1,35.4,Area B,67.1,Area B
MP-2026-123,PERSON_123,36–50,Other,17.390020054934972,78.48545271889336,08:52,Saturday,Clear,Area E,15.0,44.5,Area A,41.3,Area E
MP-2026-124,PERSON_124,18–25,Female,17.397777878303398,78.41466392748094,23:53,Saturday,Storm,Area C,7.2,33.4,Area B,47.1,Area B
MP-2026-125,PERSON_125,26–35,Other,17.40668439802851,78.4891866769981,02:43,Sunday,Clear,Area C,12.2,12.6,Area D,2.0,Area C
MP-2026-126,PERSON_126,26–35,Female,17.373268054401866,78.51602556105252,03:14,Tuesday,Rain,Area A,11.4,38.6,Area C,29.0,Area A
MP-2026-127,PERSON_127,51+,Other,17.385216064187873,78.51657666331452,03:10,Wednesday,Clear,Area E,4.7,26.6,Area C,28.0,Area E
MP-2026-128,PERSON_128,36–50,Female,17.355327439565286,78.50104847378294,02:07,Saturday,Clear,Area D,12.6,37.2,Area E,23.1,Area D
MP-2026-129,PERSON_129,18–25,Male,17.383068000164698,78.51714483491672,06:55,Thursday,Rain,Area A,4.5,46.3,Area C,57.3,Area A
MP-2026-130,PERSON_130,51+,Female,17.403726376097815,78.47865210921165,22:21,Sunday,Rain,Area A,17.8,15.3,Area D,59.2,Area A
MP-2026-131,PERSON_131,18–25,Other,17.388730168189877,78.48321046071634,17:23,Tuesday,Storm,Area B,9.1,35.0,Area A,59.4,Area A
MP-2026-132,PERSON_132,26–35,Other,17.393843091816354,78.4141683560221,00:54,Thursday,Rain,Area A,4.4,19.1,Area B,39.0,Area A
MP-2026-133,PERSON_133,36–50,Other,17.35204485337589,78.50412528785813,02:06,Wednesday,Rain,Area A,8.7,24.3,Area E,50.4,Area A
MP-2026-134,PERSON_134,36–50,Male,17.38482790211104,78.5138033849624,12:45,Monday,Fog,Area D,13.3,31.8,Area C,19.8,Area D
MP-2026-135,PERSON_135,18–25,Male,17.40383348593364,78.4827830720406,11:26,Wednesday,Rain,Area A,6.2,31.7,Area D,46.5,Area A
MP-2026-136,PERSON_136,36–50,Female,17.380703859517162,78.512527396178,05:16,Thursday,Clear,Area B,9.5,20.0,Area C,71.7,Area B
MP-2026-137,PERSON_137,26–35,Female,17.351319740025794,78.4970671343607,22:15,Thursday,Clear,Area E,6.7,49.2,Area E,1.1,Area E
MP-2026-138,PERSON_138,36–50,Female,17.387486909738836,78.51587929076288,20:19,Friday,Fog,Area D,2.7,39.0,Area C,45.3,Area D
MP-2026-139,PERSON_139,18–25,Male,17.389875065260803,78.41393181167537,12:01,Thursday,Rain,Area D,7.6,15.8,Area B,28.0,Area D
MP-2026-140,PERSON_140,18–25,Other,17.40319307439669,78.48496639290451,04:51,Wednesday,Storm,Area B,18.7,10.2,Area D,15.8,Area D
MP-2026-141,PERSON_141,26–35,Male,17.380546622455462,78.51139198039722,01:26,Wednesday,Rain,Area B,7.6,48.9,Area C,50.3,Area C
MP-2026-142,PERSON_142,51+,Female,17.3574239736507,78.506924758377,19:02,Monday,Rain,Area A,16.7,35.0,Area E,68.6,Area A
MP-2026-143,PERSON_143,26–35,Male,17.399306207153163,78.47946450784315,12:30,Tuesday,Storm,Area A,9.4,9.8,Area D,36.9,Area A
MP-2026-144,PERSON_144,26–35,Male,17.407086509027593,78.4678780349851,01:09,Wednesday,Rain,Area B,10.2,38.9,Area D,16.0,Area B
MP-2026-145,PERSON_145,36–50,Other,17.383158220988804,78.48318083532457,18:06,Monday,Fog,Area C,2.2,27.9,Area A,50.1,Area C
MP-2026-146,PERSON_146,36–50,Male,17.40611925947122,78.4800826774708,17:36,Friday,Fog,Area D,9.5,13.8,Area D,63.9,Area D
MP-2026-147,PERSON_147,36–50,Other,17.34759038390198,78.49118049538451,21:37,Thursday,Rain,Area E,15.4,11.2,Area E,19.4,Area E
MP-2026-148,PERSON_148,36–50,Male,17.391252546415657,78.41886738460373,02:48,Monday,Clear,Area E,9.6,43.0,Area B,39.9,Area E
MP-2026-149,PERSON_149,36–50,Male,17.390464365361904,78.42452946950642,08:28,Tuesday,Rain,Area D,9.7,40.3,Area B,29.0,Area D
MP-2026-150,PERSON_150,18–25,Male,17.384005318639097,78.48481583241077,17:57,Monday,Storm,Area A,15.8,42.1,Area A,19.0,Area A
MP-2026-151,PERSON_151,36–50,Female,17.379037891372143,78.4870280460951,11:00,Wednesday,Rain,Area A,1.9,6.7,Area A,32.5,Area A
MP-2026-152,PERSON_152,36–50,Other,17.374685789791293,78.51031263600213,10:51,Monday,Clear,Area C,13.6,13.3,Area C,56.0,Area C
MP-2026-153,PERSON_153,36–50,Female,17.397059650919797,78.4735537223443,08:40,Friday,Clear,Area B,10.1,45.3,Area D,69.1,Area D
MP-2026-154,PERSON_154,26–35,Male,17.398971437793584,78.41851010588717,01:10,Thursday,Storm,Area C,3.1,31.9,Area B,4.1,Area C
MP-2026-155,PERSON_155,18–25,Male,17.390222827543592,78.41458686060628,13:48,Wednesday,Rain,Area D,6.4,41.7,Area B,46.9,Area D
MP-2026-156,PERSON_156,36–50,Other,17.393191574210473,78.42396653878147,22:43,Monday,Storm,Area A,7.1,38.9,Area B,4.8,Area A
MP-2026-157,PERSON_157,18–25,Female,17.388318568897617,78.41733776083558,17:30,Thursday,Clear,Area E,3.9,20.4,Area B,35.7,Area E
MP-2026-158,PERSON_158,26–35,Other,17.390478296382266,78.51828845047919,06:43,Friday,Clear,Area A,15.5,12.2,Area C,46.2,Area A
MP-2026-159,PERSON_159,26–35,Female,17.38786133360795,78.51305664638926,10:24,Monday,Storm,Area E,14.9,32.7,Area C,40.4,Area C
MP-2026-160,PERSON_160,36–50,Female,17.377745059241175,78.48118307820452,18:30,Monday,Storm,Area E,17.7,49.8,Area A,22.7,Area E
MP-2026-161,PERSON_161,51+,Other,17.384237266996855,78.40716688304582,07:38,Friday,Storm,Area D,12.8,21.0,Area B,1.2,Area B
MP-2026-162,PERSON_162,18–25,Male,17.351105181019733,78.50069601990792,22:51,Thursday,Clear,Area D,12.5,35.4,Area E,40.8,Area D
MP-2026-163,PERSON_163,26–35,Other,17.387000931505767,78.5119243783043,05:52,Sunday,Storm,Area D,10.8,24.8,Area C,57.0,Area D
MP-2026-164,PERSON_164,51+,Female,17.395194595369215,78.42038200601806,21:44,Sunday,Clear,Area A,13.1,27.3,Area B,13.3,Area A
MP-2026-165,PERSON_165,36–50,Other,17.378977174130007,78.50957261902823,17:02,Sunday,Rain,Area D,1.5,42.4,Area C,2.9,Area E
MP-2026-166,PERSON_166,18–25,Female,17.386586240974705,78.51419598015254,04:19,Monday,Fog,Area E,9.7,26.7,Area C,58.0,Area C
MP-2026-167,PERSON_167,26–35,Female,17.3859223061735,78.51906125212531,21:45,Thursday,Rain,Area B,3.6,38.8,Area C,44.3,Area B
MP-2026-168,PERSON_168,51+,Male,17.38693918272774,78.41183652533552,13:55,Thursday,Clear,Area D,8.1,24.3,Area B,70.2,Area D
MP-2026-169,PERSON_169,18–25,Male,17.35573822307069,78.51430223333826,20:03,Saturday,Storm,Area A,15.7,8.9,Area E,23.4,Area E
MP-2026-170,PERSON_170,36–50,Female,17.390806688929636,78.42774882839856,20:17,Wednesday,Storm,Area E,14.8,13.6,Area B,11.3,Area B
MP-2026-171,PERSON_171,18–25,Other,17.39769361154759,78.47390476998335,06:21,Wednesday,Clear,Area E,10.9,10.2,Area D,40.8,Area E
MP-2026-172,PERSON_172,26–35,Female,17.387750940692385,78.48453859746759,09:20,Wednesday,Clear,Area A,13.6,14.7,Area A,11.0,Area A
MP-2026-173,PERSON_173,26–35,Female,17.390700904256228,78.47777336541883,20:19,Wednesday,Clear,Area D,15.4,38.9,Area D,39.7,Area D
MP-2026-174,PERSON_174,36–50,Male,17.40179693375655,78.48114994756567,16:01,Sunday,Rain,Area D,9.8,45.9,Area D,5.6,Area D
MP-2026-175,PERSON_175,18–25,Female,17.38435868486032,78.48232869310756,10:55,Thursday,Fog,Area D,2.8,21.1,Area A,14.3,Area D
MP-2026-176,PERSON_176,18–25,Male,17.396241962979662,78.41925273145486,06:15,Friday,Storm,Area A,18.2,17.5,Area B,61.9,Area A
MP-2026-177,PERSON_177,51+,Female,17.35549042817338,78.50099612423224,13:53,Monday,Storm,Area A,3.2,38.3,Area E,61.8,Area E
MP-2026-178,PERSON_178,36–50,Male,17.346163334015536,78.50595343654867,04:24,Sunday,Clear,Area E,1.6,42.0,Area E,7.6,Area E
MP-2026-179,PERSON_179,26–35,Female,17.352891799610372,78.50295862873567,05:18,Saturday,Clear,Area C,19.8,45.6,Area E,54.9,Area C
MP-2026-180,PERSON_180,51+,Male,17.379136229559627,78.51366128366872,00:20,Friday,Storm,Area B,18.2,38.3,Area C,30.8,Area C
MP-2026-181,PERSON_181,26–35,Female,17.34802746197602,78.50562225507363,02:39,Wednesday,Clear,Area A,14.0,12.5,Area E,1.3,Area E
MP-2026-182,PERSON_182,51+,Male,17.39839473756985,78.47699441260306,20:52,Sunday,Fog,Area C,18.8,44.2,Area D,47.4,Area D
MP-2026-183,PERSON_183,36–50,Male,17.38943244606233,78.41027758741336,13:37,Wednesday,Storm,Area E,8.3,10.8,Area B,17.1,Area E
MP-2026-184,PERSON_184,36–50,Female,17.39933844447552,78.47761907598984,05:22,Sunday,Rain,Area C,14.4,48.8,Area D,10.0,Area C
MP-2026-185,PERSON_185,36–50,Female,17.411575298984395,78.48266759321976,18:46,Wednesday,Clear,Area D,5.2,10.4,Area D,32.9,Area D
MP-2026-186,PERSON_186,51+,Male,17.393334684403534,78.48185220234,13:29,Saturday,Clear,Area A,2.2,44.5,Area D,43.5,Area A
MP-2026-187,PERSON_187,26–35,Male,17.342342880446733,78.50165641479155,13:49,Friday,Rain,Area A,13.5,16.4,Area E,41.7,Area E
MP-2026-188,PERSON_188,18–25,Other,17.344870822606055,78.50358601826838,18:25,Thursday,Clear,Area E,4.2,47.7,Area E,12.7,Area E
MP-2026-189,PERSON_189,26–35,Male,17.40008362978067,78.46594226249393,21:43,Friday,Fog,Area D,12.4,38.5,Area D,68.5,Area D
MP-2026-190,PERSON_190,18–25,Other,17.388270250206997,78.41578574312048,07:18,Saturday,Rain,Area A,19.5,19.9,Area B,20.7,Area A
MP-2026-191,PERSON_191,18–25,Other,17.400341894242516,78.47799037344312,13:48,Saturday,Fog,Area E,1.7,9.9,Area D,16.6,Area E
MP-2026-192,PERSON_192,26–35,Other,17.390528431683688,78.41932762748797,04:48,Friday,Clear,Area A,3.2,20.5,Area B,44.8,Area A
MP-2026-193,PERSON_193,36–50,Other,17.38521195223153,78.5147346282026,12:00,Monday,Fog,Area E,14.9,44.7,Area C,28.7,Area E
MP-2026-194,PERSON_194,18–25,Male,17.388433658704514,78.48881294672366,13:22,Friday,Storm,Area E,16.8,6.8,Area A,51.9,Area B
MP-2026-195,PERSON_195,51+,Female,17.380553602589945,78.48518021336723,07:19,Tuesday,Rain,Area D,8.7,19.4,Area A,64.9,Area D
MP-2026-196,PERSON_196,18–25,Other,17.386156143457,78.49128259306957,13:17,Tuesday,Fog,Area E,3.2,11.9,Area A,10.9,Area E
MP-2026-197,PERSON_197,36–50,Female,17.34475430486901,78.50467850537412,16:40,Wednesday,Clear,Area B,6.6,26.9,Area E,31.0,Area B
MP-2026-198,PERSON_198,18–25,Other,17.391673370401037,78.48601044729664,05:27,Tuesday,Clear,Area E,17.2,23.2,Area A,28.5,Area E
MP-2026-199,PERSON_199,18–25,Other,17.396721669659968,78.46717552701155,11:14,Monday,Clear,Area B,2.9,45.0,Area D,54.9,Area B
MP-2026-200,PERSON_200,51+,Female,17.395911737280503,78.47590196072865,04:06,Wednesday,Clear,Area D,17.9,20.6,Area D,11.1,Area D
MP-2026-201,PERSON_201,51+,Other,17.38851825552863,78.41492481773699,10:48,Friday,Rain,Area D,17.1,28.9,Area B,8.2,Area D
MP-2026-202,PERSON_202,51+,Female,17.382625145333225,78.48664235775628,02:10,Monday,Fog,Area D,2.9,14.4,Area A,10.6,Area D
MP-2026-203,PERSON_203,36–50,Other,17.37594080611525,78.5149907291348,04:41,Tuesday,Fog,Area B,10.0,25.0,Area C,27.6,Area B
MP-2026-204,PERSON_204,26–35,Male,17.373567040478598,78.50953686885013,03:04,Monday,Clear,Area E,11.5,29.4,Area C,11.9,Area C
MP-2026-205,PERSON_205,26–35,Male,17.3774825024794,78.51206646820343,16:20,Wednesday,Fog,Area C,6.1,48.5,Area C,25.3,Area C
MP-2026-206,PERSON_206,36–50,Other,17.378811912168025,78.5179947769431,16:34,Monday,Storm,Area E,12.8,30.6,Area C,63.5,Area E
MP-2026-207,PERSON_207,26–35,Other,17.409688770701322,78.48576556429225,21:44,Friday,Fog,Area E,1.7,38.6,Area D,33.6,Area D
MP-2026-208,PERSON_208,36–50,Male,17.38508824359016,78.48998317851195,11:43,Monday,Storm,Area D,10.3,18.6,Area A,54.6,Area A
MP-2026-209,PERSON_209,51+,Female,17.384103378100363,78.51670539473147,17:27,Wednesday,Clear,Area C,15.5,30.8,Area C,59.8,Area C
MP-2026-210,PERSON_210,18–25,Other,17.353440719517017,78.48943376367191,13:30,Sunday,Clear,Area D,15.5,46.8,Area E,53.1,Area D
MP-2026-211,PERSON_211,26–35,Other,17.396751730893996,78.41842063001972,08:23,Wednesday,Rain,Area B,11.0,40.7,Area B,53.0,Area B
MP-2026-212,PERSON_212,36–50,Other,17.391040672623426,78.47951679884379,14:36,Tuesday,Storm,Area B,18.8,42.0,Area A,1.4,Area B
MP-2026-213,PERSON_213,18–25,Other,17.39902712990153,78.4124901653109,13:03,Monday,Storm,Area C,2.3,20.7,Area B,29.9,Area C
MP-2026-214,PERSON_214,36–50,Female,17.38774951140773,78.4176517273371,01:41,Thursday,Clear,Area E,10.1,11.5,Area B,18.2,Area E
MP-2026-215,PERSON_215,26–35,Male,17.39547646987118,78.41500179641186,06:52,Sunday,Fog,Area D,11.4,14.9,Area B,60.8,Area D
MP-2026-216,PERSON_216,18–25,Male,17.388384060993342,78.48874504509575,09:09,Wednesday,Clear,Area C,11.5,33.7,Area A,59.3,Area A
MP-2026-217,PERSON_217,26–35,Female,17.34469480849727,78.50446204782195,22:07,Tuesday,Storm,Area D,10.4,17.8,Area E,20.3,Area E
MP-2026-218,PERSON_218,26–35,Female,17.40490065657815,78.48260731294963,21:37,Sunday,Fog,Area A,12.1,26.0,Area D,64.6,Area A
MP-2026-219,PERSON_219,26–35,Male,17.394637214814214,78.47385974286982,01:43,Thursday,Clear,Area E,18.2,47.4,Area D,41.6,Area E
MP-2026-220,PERSON_220,36–50,Male,17.381093683205034,78.52507916522669,00:59,Saturday,Storm,Area D,14.4,5.2,Area C,45.9,Area D
MP-2026-221,PERSON_221,36–50,Male,17.35091622386042,78.50512228538226,08:20,Friday,Fog,Area E,13.1,50.0,Area E,34.8,Area E
MP-2026-222,PERSON_222,18–25,Male,17.386434973252218,78.48254544319347,02:43,Saturday,Storm,Area D,17.3,13.4,Area A,1.2,Area D
MP-2026-223,PERSON_223,18–25,Male,17.39018990100568,78.486335797678,00:35,Thursday,Fog,Area B,12.5,18.3,Area A,49.1,Area B
MP-2026-224,PERSON_224,51+,Other,17.39964951393364,78.48777950740826,00:35,Thursday,Rain,Area C,1.8,35.0,Area D,7.1,Area D
MP-2026-225,PERSON_225,18–25,Female,17.395954732737717,78.48189877526,05:23,Saturday,Rain,Area E,14.5,47.7,Area D,60.5,Area E
MP-2026-226,PERSON_226,36–50,Male,17.401270267532908,78.47664157802238,03:57,Wednesday,Fog,Area A,13.9,19.0,Area D,37.9,Area A
MP-2026-227,PERSON_227,51+,Other,17.390370566092038,78.41251283925662,08:33,Monday,Storm,Area D,9.3,19.9,Area B,13.9,Area B
MP-2026-228,PERSON_228,18–25,Male,17.38581814627476,78.48696905761994,14:50,Sunday,Rain,Area D,18.1,40.2,Area A,2.7,Area D
MP-2026-229,PERSON_229,18–25,Male,17.38977883569485,78.51463291053538,22:43,Saturday,Fog,Area D,19.2,47.4,Area C,5.1,Area B
MP-2026-230,PERSON_230,18–25,Female,17.38883605681601,78.49395392629106,09:58,Wednesday,Fog,Area D,3.8,41.5,Area A,42.1,Area D
MP-2026-231,PERSON_231,51+,Other,17.377894292998544,78.51548228442184,13:49,Sunday,Storm,Area C,18.7,27.4,Area C,50.0,Area D
MP-2026-232,PERSON_232,18–25,Other,17.38469469205348,78.51609397007421,17:13,Saturday,Clear,Area B,9.2,7.0,Area C,39.8,Area C
MP-2026-233,PERSON_233,26–35,Female,17.352712244644373,78.5059911771018,11:05,Friday,Storm,Area D,13.1,27.4,Area E,8.7,Area D
MP-2026-234,PERSON_234,51+,Other,17.411488117548014,78.47114016214546,22:37,Tuesday,Rain,Area A,19.6,13.6,Area D,45.2,Area A
MP-2026-235,PERSON_235,36–50,Male,17.384569892976067,78.48049799946864,03:46,Wednesday,Clear,Area B,9.7,40.2,Area A,17.5,Area A
MP-2026-236,PERSON_236,51+,Female,17.3894672304648,78.47613130030619,10:20,Saturday,Clear,Area D,7.1,43.2,Area A,16.8,Area A
MP-2026-237,PERSON_237,51+,Other,17.40247373101658,78.47939758931854,06:48,Saturday,Clear,Area C,2.7,6.5,Area A,46.1,Area C
MP-2026-238,PERSON_238,36–50,Male,17.37514382298002,78.49117760580216,03:00,Sunday,Fog,Area B,4.6,46.3,Area A,18.1,Area A
MP-2026-239,PERSON_239,51+,Other,17.382959160503948,78.49014621139546,03:04,Tuesday,Fog,Area C,11.7,24.2,Area A,52.1,Area C
MP-2026-240,PERSON_240,51+,Female,17.40846785409379,78.47528245412937,22:41,Wednesday,Fog,Area E,11.3,14.2,Area D,64.1,Area E
MP-2026-241,PERSON_241,51+,Male,17.38838014062891,78.48488780415681,00:02,Wednesday,Storm,Area D,16.7,7.1,Area A,7.7,Area D
MP-2026-242,PERSON_242,51+,Female,17.40191392245182,78.48321867687517,23:51,Friday,Storm,Area B,1.7,10.8,Area D,31.2,Area B
MP-2026-243,PERSON_243,26–35,Male,17.3977090024121,78.47284005461184,19:02,Monday,Clear,Area A,2.0,13.6,Area D,63.7,Area A
MP-2026-244,PERSON_244,51+,Female,17.37968285629275,78.48072320218193,15:26,Wednesday,Fog,Area D,3.4,20.2,Area A,20.3,Area A
MP-2026-245,PERSON_245,36–50,Female,17.34402300502649,78.49513838718785,09:09,Thursday,Fog,Area E,6.1,28.3,Area E,2.5,Area E
MP-2026-246,PERSON_246,18–25,Other,17.390254080157195,78.4817243159741,20:36,Tuesday,Rain,Area A,10.8,27.9,Area A,8.3,Area A
MP-2026-247,PERSON_247,51+,Male,17.38039680228007,78.51483131733431,08:28,Monday,Fog,Area B,5.1,34.9,Area C,11.1,Area C
MP-2026-248,PERSON_248,18–25,Other,17.409537244399026,78.46723919554773,16:02,Monday,Fog,Area A,10.6,22.4,Area D,35.3,Area A
MP-2026-249,PERSON_249,51+,Female,17.40379720788202,78.48419551195896,01:54,Monday,Fog,Area C,14.4,41.8,Area D,17.7,Area C
MP-2026-250,PERSON_250,18–25,Male,17.353967078006626,78.50624057156718,12:47,Monday,Storm,Area C,11.5,22.8,Area E,57.8,Area C
MP-2026-251,PERSON_251,36–50,Other,17.406204008177774,78.4751513560973,04:07,Tuesday,Clear,Area D,12.9,30.7,Area D,18.8,Area D
MP-2026-252,PERSON_252,51+,Other,17.401715303675786,78.4747572095312,20:10,Wednesday,Fog,Area B,8.8,47.1,Area D,14.6,Area B
MP-2026-253,PERSON_253,18–25,Male,17.38019217134405,78.51209952310194,21:04,Thursday,Rain,Area E,4.9,22.2,Area C,6.1,Area E
MP-2026-254,PERSON_254,18–25,Male,17.34565414127456,78.49934995227076,09:40,Thursday,Rain,Area C,2.3,28.3,Area E,70.6,Area C
MP-2026-255,PERSON_255,18–25,Female,17.405817561487204,78.48313227884204,08:48,Saturday,Rain,Area E,8.6,16.9,Area D,25.6,Area E
MP-2026-256,PERSON_256,26–35,Female,17.397279560376138,78.48013440672295,22:38,Monday,Fog,Area B,18.6,8.1,Area D,13.2,Area B
MP-2026-257,PERSON_257,18–25,Female,17.411595655872024,78.48181122676819,21:02,Thursday,Storm,Area C,11.7,25.3,Area D,27.5,Area C
MP-2026-258,PERSON_258,51+,Female,17.38034686946319,78.5165546734413,21:35,Monday,Fog,Area D,13.9,23.4,Area C,50.8,Area D
MP-2026-259,PERSON_259,18–25,Male,17.3844454945495,78.4892020453972,12:45,Thursday,Fog,Area A,13.8,49.0,Area A,14.4,Area A
MP-2026-260,PERSON_260,18–25,Female,17.38317313013508,78.51665998666572,03:28,Tuesday,Fog,Area B,9.3,49.8,Area C,37.4,Area C
MP-2026-261,PERSON_261,51+,Male,17.39662649831239,78.41853325968667,14:31,Wednesday,Clear,Area A,1.6,21.0,Area B,65.7,Area B
MP-2026-262,PERSON_262,26–35,Male,17.384831681567505,78.52260693697136,10:15,Wednesday,Storm,Area B,19.1,42.7,Area C,6.8,Area B
MP-2026-263,PERSON_263,26–35,Other,17.342088393535768,78.5045984099227,13:07,Wednesday,Storm,Area C,8.1,46.4,Area E,5.9,Area E
MP-2026-264,PERSON_264,26–35,Other,17.402885662409606,78.48156384469405,23:58,Monday,Fog,Area A,13.0,16.2,Area D,33.3,Area A
MP-2026-265,PERSON_265,51+,Female,17.38858130998198,78.42026886654062,10:57,Tuesday,Storm,Area D,6.7,27.6,Area B,2.6,Area D
MP-2026-266,PERSON_266,18–25,Other,17.398900955319583,78.48517419218577,17:56,Saturday,Storm,Area D,4.0,12.2,Area D,19.5,Area D
MP-2026-267,PERSON_267,18–25,Male,17.387857305807856,78.4176208244105,04:00,Tuesday,Storm,Area E,5.7,28.2,Area B,23.0,Area B
MP-2026-268,PERSON_268,36–50,Male,17.404445073078392,78.4751301640104,04:35,Friday,Clear,Area B,8.1,17.2,Area D,45.9,Area D
MP-2026-269,PERSON_269,51+,Male,17.382620853220395,78.49188021168767,08:53,Monday,Clear,Area E,17.8,20.5,Area A,57.4,Area E
MP-2026-270,PERSON_270,51+,Other,17.3584466059422,78.50094139920552,19:46,Saturday,Clear,Area A,9.2,38.3,Area E,35.7,Area A
MP-2026-271,PERSON_271,18–25,Female,17.381022468381815,78.41872586039358,10:31,Friday,Rain,Area D,5.6,20.9,Area B,64.3,Area D
MP-2026-272,PERSON_272,51+,Other,17.38444100815775,78.41314705708487,14:27,Thursday,Rain,Area A,19.7,23.7,Area B,41.6,Area A
MP-2026-273,PERSON_273,18–25,Female,17.387542543093133,78.41921136892903,01:50,Monday,Fog,Area C,11.9,6.0,Area B,39.8,Area C
MP-2026-274,PERSON_274,36–50,Male,17.35052379541423,78.50612473410399,12:04,Monday,Clear,Area E,13.9,39.8,Area E,55.3,Area E
MP-2026-275,PERSON_275,36–50,Male,17.39452538669409,78.5096108710658,20:42,Monday,Clear,Area A,5.8,5.4,Area C,49.9,Area A
MP-2026-276,PERSON_276,51+,Male,17.390476688237634,78.48358623267319,13:28,Monday,Clear,Area A,17.2,44.7,Area A,14.0,Area A
MP-2026-277,PERSON_277,36–50,Other,17.39557125007255,78.4047364804358,03:14,Friday,Rain,Area A,13.3,8.3,Area B,5.7,Area B
MP-2026-278,PERSON_278,26–35,Male,17.34508357684873,78.50069211851311,21:13,Friday,Rain,Area D,2.3,21.6,Area E,27.4,Area D
MP-2026-279,PERSON_279,36–50,Other,17.383000100733327,78.51669885234698,08:27,Tuesday,Fog,Area C,2.8,9.7,Area C,45.9,Area C
MP-2026-280,PERSON_280,51+,Male,17.380501687732956,78.41749410858746,19:16,Thursday,Storm,Area A,4.9,37.1,Area B,2.0,Area A
MP-2026-281,PERSON_281,36–50,Other,17.3536692835949,78.49680466769075,20:25,Thursday,Clear,Area D,12.0,33.5,Area E,64.1,Area D
MP-2026-282,PERSON_282,26–35,Female,17.38659104695437,78.5165974303969,11:09,Friday,Clear,Area C,4.6,8.5,Area C,37.0,Area C
MP-2026-283,PERSON_283,26–35,Female,17.39948243454771,78.42806988577077,02:37,Thursday,Fog,Area B,5.3,28.8,Area B,54.1,Area B
MP-2026-284,PERSON_284,51+,Male,17.385662292302275,78.50900808962083,14:14,Tuesday,Rain,Area E,15.5,13.4,Area C,56.2,Area E
MP-2026-285,PERSON_285,51+,Female,17.38674259230508,78.47889060525387,23:45,Friday,Storm,Area D,7.1,45.4,Area A,48.3,Area D
MP-2026-286,PERSON_286,36–50,Other,17.38779262875834,78.41659775368454,15:26,Friday,Fog,Area E,7.2,38.7,Area B,71.9,Area B
MP-2026-287,PERSON_287,51+,Male,17.380934737145626,78.51265175827416,16:34,Tuesday,Fog,Area E,7.8,40.3,Area C,2.6,Area E
MP-2026-288,PERSON_288,36–50,Female,17.376262748339958,78.5207375087244,22:14,Sunday,Storm,Area E,1.1,47.2,Area C,37.3,Area E
MP-2026-289,PERSON_289,18–25,Male,17.39172465695223,78.49071006017161,01:09,Friday,Rain,Area C,12.0,30.6,Area A,10.8,Area C
MP-2026-290,PERSON_290,36–50,Other,17.33788722019513,78.49734675236894,17:03,Saturday,Rain,Area D,9.8,47.3,Area E,62.1,Area D
MP-2026-291,PERSON_291,26–35,Other,17.38421287961272,78.51436885119176,20:43,Wednesday,Clear,Area B,14.1,36.4,Area C,36.5,Area B
MP-2026-292,PERSON_292,18–25,Female,17.378964341063217,78.48858208545768,11:21,Tuesday,Rain,Area C,13.7,42.7,Area A,33.3,Area C
MP-2026-293,PERSON_293,26–35,Female,17.38349574874075,78.51748714884528,05:02,Thursday,Rain,Area A,19.1,44.7,Area C,46.4,Area A
MP-2026-294,PERSON_294,26–35,Male,17.399269991704923,78.47920109055025,10:21,Monday,Rain,Area B,2.3,15.4,Area D,50.9,Area B
MP-2026-295,PERSON_295,18–25,Other,17.356537040830773,78.50161852904942,08:34,Saturday,Rain,Area C,5.1,36.1,Area E,15.2,Area E
MP-2026-296,PERSON_296,36–50,Other,17.391290539489802,78.471698962806,16:41,Monday,Storm,Area E,2.6,22.4,Area D,67.6,Area E
MP-2026-297,PERSON_297,26–35,Other,17.37896565250323,78.51374632872783,19:14,Thursday,Rain,Area B,19.5,39.2,Area C,11.5,Area B
MP-2026-298,PERSON_298,51+,Other,17.394595169159402,78.47294047208823,03:36,Wednesday,Rain,Area E,18.1,40.0,Area D,13.1,Area D
MP-2026-299,PERSON_299,26–35,Other,17.379623272876678,78.51667624289064,05:09,Sunday,Storm,Area B,3.7,33.1,Area C,36.9,Area B
MP-2026-300,PERSON_300,51+,Female,17.38539979292587,78.40436114501901,12:24,Sunday,Clear,Area A,13.7,40.0,Area B,41.8,Area B
MP-2026-301,PERSON_301,36–50,Female,17.38474985615121,78.47968866987665,15:08,Sunday,Fog,Area E,10.2,42.7,Area A,36.0,Area B
MP-2026-302,PERSON_302,36–50,Male,17.405993559885562,78.47811494000923,12:16,Wednesday,Storm,Area B,10.7,38.1,Area D,59.1,Area B
MP-2026-303,PERSON_303,51+,Female,17.40875124156217,78.47211713441209,05:37,Saturday,Fog,Area D,4.1,43.4,Area D,61.7,Area D
MP-2026-304,PERSON_304,36–50,Male,17.391185531771814,78.48232965613812,04:51,Saturday,Rain,Area E,5.2,14.8,Area A,48.8,Area A
MP-2026-305,PERSON_305,26–35,Other,17.347568816141383,78.50478797740567,19:12,Sunday,Rain,Area D,6.0,29.9,Area E,17.5,Area D
MP-2026-306,PERSON_306,18–25,Male,17.376738889364994,78.51183180841234,14:58,Tuesday,Storm,Area B,1.1,39.8,Area C,42.9,Area B
MP-2026-307,PERSON_307,18–25,Other,17.390852653627483,78.48488793934561,12:42,Tuesday,Rain,Area B,4.9,20.3,Area A,3.2,Area B
MP-2026-308,PERSON_308,51+,Other,17.39811240580343,78.47796526194458,19:29,Thursday,Fog,Area A,9.3,42.8,Area D,40.1,Area A
MP-2026-309,PERSON_309,18–25,Other,17.393780700948223,78.48170892800603,11:00,Wednesday,Rain,Area A,4.8,7.5,Area D,44.4,Area D
MP-2026-310,PERSON_310,36–50,Other,17.395043393059407,78.41654027410726,05:21,Sunday,Clear,Area A,1.4,42.2,Area B,5.7,Area A
MP-2026-311,PERSON_311,26–35,Male,17.375256739468988,78.51015480704007,07:18,Monday,Fog,Area C,12.3,34.4,Area C,46.2,Area C
MP-2026-312,PERSON_312,51+,Female,17.38480715557073,78.51394420348802,03:57,Thursday,Rain,Area E,13.9,29.4,Area C,33.3,Area E
MP-2026-313,PERSON_313,51+,Other,17.389186595637412,78.41186858664115,00:41,Thursday,Rain,Area C,16.9,47.1,Area B,25.4,Area C
MP-2026-314,PERSON_314,51+,Female,17.383041706380048,78.5094322492456,23:54,Thursday,Rain,Area D,9.5,27.6,Area C,69.7,Area D
MP-2026-315,PERSON_315,26–35,Female,17.38734901533544,78.4131726136568,23:04,Saturday,Rain,Area A,18.9,40.3,Area B,9.2,Area A
MP-2026-316,PERSON_316,36–50,Male,17.38730106866939,78.42103160941026,15:54,Friday,Storm,Area B,9.4,37.8,Area B,8.6,Area B
MP-2026-317,PERSON_317,36–50,Female,17.37984337196909,78.48652391567055,14:57,Friday,Clear,Area D,12.3,24.5,Area A,22.3,Area A
MP-2026-318,PERSON_318,18–25,Male,17.38568231566298,78.52142798830376,17:20,Tuesday,Clear,Area A,11.8,34.6,Area C,59.3,Area A
MP-2026-319,PERSON_319,36–50,Female,17.389065189485244,78.48313703501438,12:52,Tuesday,Clear,Area D,3.3,49.1,Area A,33.9,Area D
MP-2026-320,PERSON_320,18–25,Male,17.389937744870306,78.48830514439094,11:11,Monday,Fog,Area B,16.0,38.7,Area A,63.0,Area B
MP-2026-321,PERSON_321,51+,Male,17.38783972681844,78.4197572617734,01:54,Friday,Rain,Area D,1.5,28.6,Area B,9.2,Area B
MP-2026-322,PERSON_322,26–35,Male,17.390407797338014,78.48435899585158,16:21,Sunday,Clear,Area A,7.7,21.3,Area A,34.9,Area A
MP-2026-323,PERSON_323,36–50,Male,17.34287620552823,78.48997492885468,05:34,Monday,Rain,Area B,8.2,41.4,Area E,16.7,Area B
MP-2026-324,PERSON_324,26–35,Male,17.349762897840467,78.50034144619005,01:25,Wednesday,Clear,Area A,6.9,16.2,Area E,67.5,Area A
MP-2026-325,PERSON_325,36–50,Female,17.38018067924216,78.48568156271219,18:42,Tuesday,Storm,Area A,14.2,34.2,Area A,4.1,Area A
MP-2026-326,PERSON_326,51+,Other,17.35845317836259,78.50235201402894,05:57,Tuesday,Storm,Area D,6.3,14.8,Area E,39.2,Area D
MP-2026-327,PERSON_327,26–35,Other,17.359728765615348,78.50494079627275,02:53,Thursday,Storm,Area D,19.4,16.8,Area E,23.6,Area D
MP-2026-328,PERSON_328,36–50,Male,17.375673275244186,78.51025104177913,09:37,Tuesday,Storm,Area D,13.9,24.3,Area C,38.7,Area D
MP-2026-329,PERSON_329,51+,Female,17.35174422730432,78.50227526563796,05:31,Wednesday,Rain,Area E,5.7,29.6,Area E,31.8,Area E
MP-2026-330,PERSON_330,18–25,Male,17.376093747789454,78.52113656051955,16:40,Tuesday,Storm,Area C,17.3,41.9,Area C,16.0,Area C
MP-2026-331,PERSON_331,36–50,Female,17.358720340377232,78.50948875964512,00:17,Monday,Storm,Area C,18.8,13.2,Area E,9.5,Area E
MP-2026-332,PERSON_332,36–50,Male,17.383490043332877,78.48066723443358,09:13,Sunday,Clear,Area D,14.1,20.3,Area A,52.4,Area D
MP-2026-333,PERSON_333,36–50,Male,17.40117070757855,78.47764325673847,20:20,Monday,Rain,Area C,6.8,16.9,Area D,68.3,Area C
MP-2026-334,PERSON_334,26–35,Female,17.39174650128912,78.41337105166367,17:34,Thursday,Clear,Area B,12.1,5.5,Area B,3.0,Area B
MP-2026-335,PERSON_335,51+,Other,17.40076521648057,78.47803667864464,14:07,Sunday,Fog,Area B,8.1,29.7,Area D,65.2,Area B
MP-2026-336,PERSON_336,51+,Male,17.348618145807755,78.50305356670385,15:35,Saturday,Fog,Area A,7.4,44.2,Area E,33.0,Area A
MP-2026-337,PERSON_337,26–35,Other,17.39170573361895,78.47457862628322,03:46,Saturday,Rain,Area E,4.1,30.7,Area D,38.6,Area E
MP-2026-338,PERSON_338,51+,Male,17.346441122419932,78.49740778984471,21:31,Wednesday,Fog,Area D,2.1,6.6,Area E,49.3,Area D
MP-2026-339,PERSON_339,18–25,Other,17.38403839632345,78.51354276940891,19:46,Sunday,Rain,Area E,5.4,23.5,Area C,22.1,Area E
MP-2026-340,PERSON_340,26–35,Other,17.38733347569476,78.4971209672545,21:57,Sunday,Clear,Area D,19.8,6.4,Area A,3.5,Area D
MP-2026-341,PERSON_341,18–25,Female,17.387625819099174,78.51165696731118,20:30,Sunday,Fog,Area D,9.9,32.9,Area C,21.6,Area D
MP-2026-342,PERSON_342,51+,Female,17.384388942261534,78.4868986798395,10:23,Tuesday,Rain,Area D,11.6,40.1,Area A,59.5,Area D
MP-2026-343,PERSON_343,26–35,Other,17.387757179021865,78.48117432392009,20:41,Tuesday,Storm,Area A,12.4,28.0,Area A,57.2,Area A
MP-2026-344,PERSON_344,36–50,Female,17.376390074467313,78.51345082583751,09:59,Wednesday,Storm,Area B,7.2,34.8,Area C,68.0,Area C
MP-2026-345,PERSON_345,26–35,Female,17.380760087237952,78.49296271363716,01:11,Sunday,Clear,Area E,9.8,5.6,Area A,24.6,Area A
MP-2026-346,PERSON_346,51+,Male,17.40107130902028,78.48690259759775,01:30,Tuesday,Storm,Area D,8.6,41.3,Area D,58.2,Area D
MP-2026-347,PERSON_347,18–25,Male,17.39321070454668,78.41752700659548,21:55,Sunday,Storm,Area E,19.8,37.7,Area B,61.5,Area E
MP-2026-348,PERSON_348,36–50,Male,17.377300564447204,78.48925029155839,12:58,Thursday,Storm,Area A,18.6,19.7,Area A,6.8,Area A
MP-2026-349,PERSON_349,36–50,Female,17.375144339791486,78.49025821247827,14:43,Sunday,Fog,Area D,9.8,27.5,Area A,66.6,Area D
MP-2026-350,PERSON_350,18–25,Male,17.37684005073612,78.5219479202002,18:45,Wednesday,Storm,Area C,11.3,43.3,Area C,1.9,Area C
MP-2026-351,PERSON_351,36–50,Other,17.3822930770519,78.47998546018796,00:19,Friday,Clear,Area E,2.5,42.3,Area A,10.8,Area E
MP-2026-352,PERSON_352,26–35,Other,17.380115950746628,78.50518932487033,00:16,Friday,Rain,Area B,17.3,31.7,Area C,35.7,Area C
MP-2026-353,PERSON_353,51+,Other,17.382369240521115,78.51020688031592,19:08,Monday,Fog,Area D,9.1,49.8,Area C,58.1,Area D
MP-2026-354,PERSON_354,36–50,Male,17.408590131903402,78.47776246305152,10:18,Wednesday,Clear,Area E,11.5,28.6,Area D,17.0,Area D
MP-2026-355,PERSON_355,36–50,Female,17.3976130592964,78.47773223063037,10:25,Sunday,Fog,Area E,18.7,28.5,Area D,22.0,Area D
MP-2026-356,PERSON_356,36–50,Female,17.391522054975184,78.41802683790364,19:53,Saturday,Storm,Area A,2.4,45.8,Area B,64.4,Area A
MP-2026-357,PERSON_357,51+,Male,17.383022808293795,78.51604818103449,12:24,Thursday,Rain,Area D,6.8,48.5,Area C,60.2,Area C
MP-2026-358,PERSON_358,51+,Other,17.38859208485511,78.51641862900362,17:27,Monday,Fog,Area B,7.6,41.7,Area C,42.2,Area B
MP-2026-359,PERSON_359,18–25,Other,17.39559990741555,78.46951931043287,14:45,Monday,Storm,Area C,8.9,22.4,Area D,63.7,Area D
MP-2026-360,PERSON_360,36–50,Male,17.397217255831492,78.48400320742186,17:37,Saturday,Storm,Area B,6.6,12.3,Area A,62.6,Area A
MP-2026-361,PERSON_361,51+,Female,17.37757487111648,78.51386406089742,07:23,Thursday,Clear,Area D,11.3,8.6,Area C,58.0,Area D
MP-2026-362,PERSON_362,36–50,Female,17.399745100847493,78.48262575799893,04:16,Monday,Rain,Area D,7.1,26.1,Area D,38.2,Area D
MP-2026-363,PERSON_363,18–25,Female,17.393786242925124,78.4188197288917,20:06,Saturday,Rain,Area C,7.1,49.4,Area B,49.2,Area C
MP-2026-364,PERSON_364,26–35,Male,17.384831768689253,78.51580159571299,09:32,Saturday,Rain,Area D,15.9,32.8,Area C,11.6,Area D
MP-2026-365,PERSON_365,36–50,Male,17.34959821307561,78.49878623019983,19:38,Saturday,Clear,Area D,2.0,32.0,Area E,28.0,Area D
MP-2026-366,PERSON_366,36–50,Female,17.392958299922263,78.42201266619358,16:33,Thursday,Rain,Area E,11.5,42.2,Area B,57.8,Area E
MP-2026-367,PERSON_367,26–35,Female,17.35073185516161,78.5070196759648,18:54,Monday,Fog,Area A,1.4,41.9,Area E,35.0,Area A
MP-2026-368,PERSON_368,18–25,Other,17.378458873412875,78.51634559556877,14:02,Friday,Rain,Area E,4.8,22.4,Area C,14.1,Area E
MP-2026-369,PERSON_369,26–35,Other,17.380839467924638,78.50820875855577,18:20,Saturday,Clear,Area E,11.5,28.4,Area C,2.8,Area C
MP-2026-370,PERSON_370,36–50,Male,17.351349369800285,78.49745207965086,04:43,Thursday,Rain,Area E,19.0,42.9,Area E,4.2,Area E
MP-2026-371,PERSON_371,51+,Male,17.38525563452107,78.48141159377869,08:35,Monday,Rain,Area D,19.8,35.8,Area A,26.4,Area D
MP-2026-372,PERSON_372,36–50,Male,17.387189372955525,78.52210245318099,14:08,Tuesday,Rain,Area E,1.5,20.1,Area C,30.5,Area E
MP-2026-373,PERSON_373,26–35,Male,17.38674947202521,78.42164240107516,12:12,Tuesday,Storm,Area C,2.0,32.8,Area B,13.0,Area C
MP-2026-374,PERSON_374,26–35,Female,17.389711941013775,78.42320610440532,14:56,Tuesday,Fog,Area E,17.0,19.6,Area B,47.0,Area E
MP-2026-375,PERSON_375,26–35,Female,17.408195762459364,78.48168051426066,21:22,Saturday,Rain,Area E,4.7,41.5,Area D,2.2,Area E
MP-2026-376,PERSON_376,51+,Other,17.382952024744,78.5190922050433,07:15,Monday,Fog,Area D,12.8,30.6,Area C,49.0,Area D
MP-2026-377,PERSON_377,26–35,Other,17.34925071425599,78.49912891434909,05:22,Thursday,Clear,Area D,14.9,36.5,Area E,22.5,Area D
MP-2026-378,PERSON_378,51+,Female,17.381912080342076,78.48169631305231,11:17,Friday,Fog,Area B,16.7,16.5,Area A,5.9,Area B
MP-2026-379,PERSON_379,36–50,Female,17.385298987537826,78.47967962122085,12:12,Thursday,Fog,Area C,7.0,46.0,Area A,32.3,Area A
MP-2026-380,PERSON_380,51+,Male,17.38917545675269,78.48584885360167,05:05,Thursday,Clear,Area B,12.1,47.4,Area A,2.7,Area B
MP-2026-381,PERSON_381,36–50,Male,17.389515312997524,78.4132131230611,00:35,Wednesday,Clear,Area C,10.4,10.5,Area B,20.6,Area B
MP-2026-382,PERSON_382,26–35,Male,17.376267974231837,78.51086128154971,09:18,Tuesday,Clear,Area C,4.4,40.6,Area C,12.7,Area C
MP-2026-383,PERSON_383,26–35,Female,17.346847452300743,78.50513578110109,06:30,Monday,Clear,Area E,10.8,14.6,Area E,13.2,Area E
MP-2026-384,PERSON_384,51+,Male,17.37984601092718,78.48217213715121,14:34,Monday,Fog,Area D,14.4,34.8,Area A,40.6,Area D
MP-2026-385,PERSON_385,36–50,Female,17.346304755181073,78.50750795385726,08:07,Sunday,Rain,Area E,7.1,7.6,Area E,46.3,Area E
MP-2026-386,PERSON_386,26–35,Male,17.348508924923017,78.49732114977849,04:09,Wednesday,Fog,Area E,1.8,28.0,Area E,65.7,Area E
MP-2026-387,PERSON_387,26–35,Other,17.353937214684702,78.50780889457253,17:19,Sunday,Storm,Area E,3.5,35.2,Area E,28.9,Area E
MP-2026-388,PERSON_388,18–25,Female,17.39091025632267,78.51043124260833,04:18,Sunday,Storm,Area B,1.1,28.6,Area C,29.3,Area B
MP-2026-389,PERSON_389,26–35,Male,17.39382563015981,78.4721711397927,15:46,Thursday,Fog,Area A,16.4,8.7,Area D,20.0,Area D
MP-2026-390,PERSON_390,51+,Other,17.352656653609532,78.502935715757,17:22,Tuesday,Clear,Area E,7.2,7.4,Area E,61.6,Area E
MP-2026-391,PERSON_391,26–35,Other,17.387169689444402,78.41542476495478,21:55,Tuesday,Fog,Area C,18.9,44.2,Area B,17.7,Area C
MP-2026-392,PERSON_392,51+,Female,17.344757839345245,78.50823649777901,02:53,Wednesday,Fog,Area A,17.3,48.2,Area E,22.8,Area E
MP-2026-393,PERSON_393,51+,Female,17.384436894663683,78.51091802980095,08:58,Sunday,Storm,Area A,9.8,42.3,Area C,43.9,Area C
MP-2026-394,PERSON_394,51+,Other,17.40361790260478,78.47905258034632,16:59,Thursday,Fog,Area C,3.1,23.4,Area D,52.5,Area C
MP-2026-395,PERSON_395,26–35,Female,17.386747491066156,78.41178632358674,14:12,Sunday,Fog,Area C,15.7,22.7,Area B,22.2,Area C
MP-2026-396,PERSON_396,51+,Female,17.385938573854236,78.4783436906166,01:17,Thursday,Clear,Area E,17.7,27.7,Area A,32.3,Area E
MP-2026-397,PERSON_397,18–25,Male,17.39630700323153,78.42448679015531,19:20,Saturday,Rain,Area C,16.5,45.3,Area B,30.2,Area C
MP-2026-398,PERSON_398,26–35,Female,17.392340729735942,78.41868137672972,05:16,Monday,Fog,Area A,9.3,46.4,Area B,71.7,Area A
MP-2026-399,PERSON_399,51+,Other,17.353950552650442,78.5185568682281,21:21,Monday,Clear,Area A,15.3,38.0,Area E,59.4,Area E
MP-2026-400,PERSON_400,18–25,Female,17.374109016836368,78.4876070024301,10:58,Sunday,Clear,Area A,14.7,10.0,Area A,45.1,Area A
MP-2026-401,PERSON_401,51+,Female,17.39079665624562,78.4137019646799,17:53,Saturday,Storm,Area B,9.4,35.4,Area B,25.2,Area B
MP-2026-402,PERSON_402,26–35,Male,17.394565433093724,78.40667729025024,05:21,Sunday,Rain,Area C,17.8,22.9,Area B,56.6,Area C
MP-2026-403,PERSON_403,26–35,Other,17.37788857636785,78.48412893370843,18:05,Friday,Clear,Area B,16.7,5.0,Area A,25.0,Area B
MP-2026-404,PERSON_404,18–25,Female,17.375838617676887,78.48057239995434,21:10,Monday,Clear,Area C,10.4,19.9,Area A,65.3,Area C
MP-2026-405,PERSON_405,26–35,Male,17.38672618119149,78.41350847515154,13:55,Sunday,Rain,Area B,13.1,10.6,Area B,9.7,Area B
MP-2026-406,PERSON_406,51+,Female,17.387925171070545,78.48465255001959,11:58,Wednesday,Rain,Area E,1.3,28.0,Area A,61.6,Area A
MP-2026-407,PERSON_407,18–25,Female,17.37645462774103,78.51009131205973,13:44,Wednesday,Clear,Area A,11.3,12.2,Area C,28.9,Area C
MP-2026-408,PERSON_408,36–50,Female,17.388269219989688,78.49076861233863,19:00,Tuesday,Rain,Area E,11.4,8.9,Area A,12.1,Area E
MP-2026-409,PERSON_409,26–35,Female,17.354980692188487,78.50943644537125,22:26,Friday,Clear,Area B,3.7,39.4,Area E,68.3,Area B
MP-2026-410,PERSON_410,18–25,Other,17.387409955011904,78.4264758209696,08:22,Saturday,Fog,Area E,16.7,36.3,Area B,53.9,Area B
MP-2026-411,PERSON_411,36–50,Other,17.396515948129682,78.47596824334096,01:29,Monday,Clear,Area E,8.3,11.0,Area D,58.8,Area E
MP-2026-412,PERSON_412,26–35,Other,17.389465325517612,78.51931185464561,14:26,Sunday,Fog,Area B,4.7,26.2,Area C,51.6,Area B
MP-2026-413,PERSON_413,26–35,Female,17.34492317172043,78.50987101373444,09:24,Sunday,Storm,Area B,5.6,22.4,Area E,44.3,Area B
MP-2026-414,PERSON_414,18–25,Female,17.379687874410024,78.48648729423003,08:03,Monday,Clear,Area E,4.1,48.5,Area A,66.8,Area E
MP-2026-415,PERSON_415,51+,Female,17.384377986035755,78.41675973430219,15:19,Wednesday,Clear,Area E,7.2,21.7,Area B,66.1,Area B
MP-2026-416,PERSON_416,18–25,Male,17.380219780051775,78.5068213678613,04:54,Sunday,Storm,Area B,18.5,24.1,Area C,53.8,Area C
MP-2026-417,PERSON_417,26–35,Female,17.351002247895856,78.50825904351728,11:32,Thursday,Clear,Area B,6.9,37.6,Area E,31.6,Area B
MP-2026-418,PERSON_418,18–25,Other,17.405290477351652,78.4810636414115,21:00,Tuesday,Fog,Area D,8.6,35.3,Area D,4.6,Area D
MP-2026-419,PERSON_419,26–35,Male,17.38614254915053,78.48210487147534,00:25,Sunday,Storm,Area D,8.2,9.8,Area A,2.9,Area D
MP-2026-420,PERSON_420,51+,Male,17.401665408618445,78.48270364675822,12:13,Tuesday,Fog,Area B,9.5,10.6,Area D,18.9,Area B
MP-2026-421,PERSON_421,51+,Female,17.38736401256464,78.48311148882271,02:54,Tuesday,Clear,Area E,15.6,48.9,Area A,52.9,Area A
MP-2026-422,PERSON_422,51+,Other,17.35551295592708,78.5013876839219,20:50,Tuesday,Storm,Area E,11.6,31.3,Area E,14.6,Area E
MP-2026-423,PERSON_423,51+,Other,17.38535444178202,78.51245951760454,04:22,Friday,Fog,Area E,3.3,11.3,Area C,57.0,Area E
MP-2026-424,PERSON_424,26–35,Male,17.387047002140626,78.49111604450559,02:54,Tuesday,Clear,Area E,14.7,46.9,Area A,68.7,Area E
MP-2026-425,PERSON_425,51+,Other,17.392884645617237,78.40652268064524,11:38,Saturday,Rain,Area A,4.2,22.1,Area B,43.6,Area B
MP-2026-426,PERSON_426,26–35,Male,17.375048956826443,78.51706845771774,18:10,Thursday,Rain,Area E,12.4,27.0,Area C,45.3,Area C
MP-2026-427,PERSON_427,51+,Female,17.398757035681054,78.48049041945038,09:11,Wednesday,Storm,Area E,17.3,38.7,Area D,37.0,Area E
MP-2026-428,PERSON_428,26–35,Male,17.3746052829693,78.48511313008798,22:57,Thursday,Rain,Area D,12.8,7.8,Area A,4.5,Area D
MP-2026-429,PERSON_429,36–50,Female,17.371472383910568,78.48356519634885,23:27,Friday,Storm,Area E,16.9,15.8,Area A,8.5,Area E
MP-2026-430,PERSON_430,36–50,Female,17.386404130032435,78.41696432715345,01:56,Saturday,Clear,Area D,16.8,10.3,Area B,4.7,Area D
MP-2026-431,PERSON_431,51+,Other,17.399245985069168,78.4087306099625,18:49,Monday,Clear,Area B,13.4,20.8,Area B,25.6,Area B
MP-2026-432,PERSON_432,51+,Male,17.394864325132193,78.42971415177814,12:39,Saturday,Storm,Area E,17.1,35.8,Area B,37.7,Area E
MP-2026-433,PERSON_433,26–35,Other,17.380243663304164,78.48572119354593,17:56,Tuesday,Fog,Area C,4.1,7.9,Area A,39.9,Area C
MP-2026-434,PERSON_434,36–50,Male,17.390807381696586,78.41793746235574,21:11,Wednesday,Rain,Area C,14.0,47.0,Area B,6.7,Area C
MP-2026-435,PERSON_435,51+,Other,17.353538231784444,78.49982868367132,08:52,Saturday,Storm,Area A,17.1,26.4,Area E,23.5,Area A
MP-2026-436,PERSON_436,36–50,Other,17.353797713194293,78.49919489010688,04:22,Sunday,Fog,Area D,9.9,11.7,Area E,24.2,Area D
MP-2026-437,PERSON_437,36–50,Other,17.347539020758067,78.50910738724463,11:11,Friday,Fog,Area C,6.7,6.7,Area E,28.1,Area E
MP-2026-438,PERSON_438,18–25,Male,17.38225660624257,78.51725768184835,13:10,Saturday,Storm,Area D,6.2,19.9,Area C,67.6,Area D
MP-2026-439,PERSON_439,51+,Male,17.387508866753553,78.41064593298017,18:53,Friday,Storm,Area C,6.8,49.2,Area B,21.1,Area C
MP-2026-440,PERSON_440,26–35,Male,17.406286182838734,78.47992639071899,10:34,Sunday,Storm,Area B,13.4,17.3,Area D,39.5,Area B
MP-2026-441,PERSON_441,26–35,Male,17.390602839190247,78.4143681291931,09:00,Monday,Fog,Area E,7.7,23.0,Area B,12.9,Area B
MP-2026-442,PERSON_442,36–50,Other,17.388175119493777,78.47859695218868,22:01,Saturday,Rain,Area B,3.5,40.9,Area A,67.3,Area B
MP-2026-443,PERSON_443,36–50,Other,17.38270253041935,78.51758790565434,15:56,Sunday,Storm,Area C,17.4,25.6,Area C,57.6,Area C
MP-2026-444,PERSON_444,51+,Female,17.377592371338647,78.51499809719553,22:20,Thursday,Rain,Area D,17.7,14.2,Area C,30.6,Area D
MP-2026-445,PERSON_445,36–50,Female,17.356695585458997,78.50418612167964,18:29,Friday,Storm,Area D,4.3,28.1,Area E,44.7,Area D
MP-2026-446,PERSON_446,51+,Other,17.40707471375323,78.47574525731724,22:09,Friday,Storm,Area A,7.3,7.4,Area D,33.4,Area A
MP-2026-447,PERSON_447,26–35,Female,17.407759688871835,78.48122416660836,16:08,Tuesday,Rain,Area C,1.4,13.5,Area D,4.3,Area D
MP-2026-448,PERSON_448,51+,Male,17.402626196248125,78.47349218453914,10:48,Saturday,Fog,Area C,5.8,27.9,Area D,71.1,Area C
MP-2026-449,PERSON_449,18–25,Male,17.35533680788874,78.50472500010648,04:55,Sunday,Rain,Area C,7.2,47.8,Area E,34.5,Area E
MP-2026-450,PERSON_450,36–50,Male,17.3937994152564,78.4016977937912,22:19,Monday,Clear,Area C,2.7,18.6,Area B,23.5,Area C
MP-2026-451,PERSON_451,36–50,Other,17.353091821963407,78.51028850898958,18:18,Saturday,Fog,Area E,11.8,32.5,Area E,49.3,Area E
MP-2026-452,PERSON_452,36–50,Male,17.403603847142247,78.47641652045706,07:44,Monday,Fog,Area B,3.5,7.6,Area D,5.0,Area D
MP-2026-453,PERSON_453,51+,Male,17.35690606495613,78.50108578373764,02:22,Monday,Storm,Area C,7.6,24.4,Area E,28.3,Area C
MP-2026-454,PERSON_454,36–50,Male,17.376919275111618,78.5181312159999,12:00,Wednesday,Rain,Area C,3.7,13.3,Area C,17.8,Area C
MP-2026-455,PERSON_455,36–50,Female,17.40665165084632,78.47895000511012,21:30,Tuesday,Storm,Area C,8.1,9.2,Area D,52.0,Area D
MP-2026-456,PERSON_456,26–35,Other,17.38124253692587,78.480483299041,03:38,Sunday,Clear,Area C,9.4,19.4,Area A,69.6,Area C
MP-2026-457,PERSON_457,36–50,Female,17.349812252961108,78.50151705033137,00:06,Saturday,Fog,Area D,10.3,19.4,Area E,23.4,Area D
MP-2026-458,PERSON_458,26–35,Female,17.397339378666853,78.41893112828922,06:40,Saturday,Storm,Area D,12.5,9.0,Area B,51.8,Area B
MP-2026-459,PERSON_459,36–50,Female,17.399361832592962,78.41148309368072,05:49,Saturday,Rain,Area E,6.9,47.2,Area B,30.6,Area E
MP-2026-460,PERSON_460,26–35,Female,17.397787336724942,78.4738836715962,01:03,Wednesday,Fog,Area E,14.6,17.2,Area D,7.4,Area E
MP-2026-461,PERSON_461,36–50,Male,17.35194117977493,78.50379955903448,02:02,Tuesday,Clear,Area C,6.8,37.2,Area E,32.6,Area C
MP-2026-462,PERSON_462,36–50,Other,17.395899135763152,78.4804469628797,16:34,Thursday,Clear,Area E,19.9,40.0,Area D,46.1,Area D
MP-2026-463,PERSON_463,26–35,Other,17.389918601153983,78.51316173105997,19:38,Wednesday,Rain,Area C,5.3,34.8,Area C,71.1,Area C
MP-2026-464,PERSON_464,51+,Male,17.351125513970636,78.49559311432908,06:52,Tuesday,Clear,Area A,13.0,28.3,Area E,41.4,Area A
MP-2026-465,PERSON_465,51+,Other,17.389080187641888,78.4167375704164,15:24,Wednesday,Clear,Area E,6.7,25.5,Area B,40.3,Area B
MP-2026-466,PERSON_466,26–35,Male,17.406542214012465,78.48018385507481,04:48,Sunday,Fog,Area B,9.7,28.8,Area D,46.9,Area B
MP-2026-467,PERSON_467,36–50,Female,17.352453932907537,78.49509392468315,09:58,Saturday,Rain,Area E,16.1,12.4,Area E,50.1,Area E
MP-2026-468,PERSON_468,26–35,Female,17.386481578132294,78.41556739884463,22:27,Wednesday,Rain,Area D,16.7,33.2,Area B,62.6,Area D
MP-2026-469,PERSON_469,36–50,Female,17.389297883417175,78.4128867727201,05:04,Tuesday,Clear,Area C,12.6,42.6,Area B,68.0,Area C
MP-2026-470,PERSON_470,26–35,Other,17.343605153945955,78.49207074340485,23:28,Wednesday,Clear,Area E,1.5,36.4,Area E,67.1,Area E
MP-2026-471,PERSON_471,36–50,Male,17.38518304570408,78.51696515499441,02:34,Friday,Fog,Area B,19.7,46.0,Area C,47.2,Area B
MP-2026-472,PERSON_472,26–35,Other,17.397346778571055,78.41768709609772,08:01,Sunday,Fog,Area B,15.9,47.6,Area B,33.9,Area B
MP-2026-473,PERSON_473,26–35,Female,17.388269926777213,78.5097404332841,12:25,Friday,Clear,Area A,6.1,19.2,Area C,51.8,Area A
MP-2026-474,PERSON_474,26–35,Other,17.350449827461098,78.50598974277294,01:53,Wednesday,Storm,Area A,10.5,30.8,Area E,53.3,Area A
MP-2026-475,PERSON_475,26–35,Female,17.344485947343845,78.50008906971682,21:20,Monday,Fog,Area A,1.9,43.0,Area E,55.0,Area A
MP-2026-476,PERSON_476,36–50,Female,17.390124260002963,78.41740489159343,04:21,Monday,Clear,Area A,8.5,10.6,Area B,68.3,Area B
MP-2026-477,PERSON_477,26–35,Female,17.384682568858736,78.48916919585531,16:42,Sunday,Rain,Area E,14.6,35.9,Area A,60.5,Area E
MP-2026-478,PERSON_478,26–35,Other,17.38669507791385,78.5112204018317,00:22,Tuesday,Storm,Area A,4.5,9.8,Area C,45.6,Area A
MP-2026-479,PERSON_479,36–50,Female,17.396666180426685,78.418739426732,21:36,Friday,Rain,Area E,19.1,18.5,Area B,36.3,Area E
MP-2026-480,PERSON_480,18–25,Male,17.40464642675638,78.48140736416428,23:21,Wednesday,Clear,Area E,1.9,26.8,Area D,45.1,Area D
MP-2026-481,PERSON_481,51+,Other,17.395183967749848,78.48133358215682,15:14,Tuesday,Fog,Area D,12.3,39.0,Area D,49.5,Area D
MP-2026-482,PERSON_482,36–50,Other,17.383002550268134,78.41451332055114,16:25,Friday,Fog,Area E,19.0,14.3,Area B,15.0,Area E
MP-2026-483,PERSON_483,36–50,Other,17.345833329408357,78.5011823340358,15:29,Thursday,Storm,Area B,3.7,9.7,Area E,7.6,Area E
MP-2026-484,PERSON_484,26–35,Other,17.377148469065713,78.51563585429265,19:52,Monday,Clear,Area C,3.4,21.5,Area C,12.7,Area C
MP-2026-485,PERSON_485,26–35,Male,17.355336024119154,78.50358302886019,18:08,Thursday,Storm,Area D,7.5,13.3,Area E,31.2,Area D
MP-2026-486,PERSON_486,51+,Female,17.376908401304636,78.51149717491505,04:17,Saturday,Fog,Area A,13.0,24.4,Area C,28.2,Area A
MP-2026-487,PERSON_487,36–50,Other,17.39451494101503,78.4092798938282,03:35,Friday,Clear,Area B,6.2,5.2,Area B,63.2,Area B
MP-2026-488,PERSON_488,26–35,Female,17.348524351454646,78.49489252838708,16:43,Monday,Fog,Area B,18.8,49.1,Area E,64.8,Area B
MP-2026-489,PERSON_489,26–35,Female,17.38789741142685,78.41175391936343,13:32,Tuesday,Storm,Area E,18.4,27.6,Area B,69.5,Area B
MP-2026-490,PERSON_490,51+,Male,17.385795924212516,78.49535802698975,17:11,Saturday,Clear,Area E,4.9,16.7,Area A,56.5,Area E
MP-2026-491,PERSON_491,18–25,Female,17.398534596475507,78.48211411609932,21:40,Tuesday,Rain,Area C,14.8,40.4,Area D,47.7,Area C
MP-2026-492,PERSON_492,51+,Female,17.39216463067722,78.41616289714692,01:36,Friday,Rain,Area E,3.4,31.2,Area B,36.5,Area E
MP-2026-493,PERSON_493,36–50,Male,17.35486367558231,78.50290384755317,11:48,Wednesday,Rain,Area A,5.7,46.0,Area E,51.8,Area A
MP-2026-494,PERSON_494,26–35,Male,17.404798337206653,78.4737615687983,07:33,Thursday,Storm,Area D,19.2,43.3,Area D,12.5,Area D
MP-2026-495,PERSON_495,18–25,Other,17.375565340372052,78.52654041138807,17:41,Friday,Fog,Area C,15.2,11.5,Area C,54.3,Area C
MP-2026-496,PERSON_496,18–25,Other,17.397664981577844,78.47744191151602,16:25,Monday,Fog,Area B,15.0,6.3,Area D,43.4,Area B
MP-2026-497,PERSON_497,36–50,Other,17.392623659399234,78.4186085021845,00:25,Monday,Fog,Area B,3.5,18.1,Area B,32.3,Area B
MP-2026-498,PERSON_498,26–35,Female,17.384365418300685,78.41579817398595,22:28,Tuesday,Rain,Area B,16.8,25.8,Area B,18.8,Area B
MP-2026-499,PERSON_499,26–35,Other,17.388496743158512,78.41140760422742,08:14,Thursday,Fog,Area C,17.2,47.0,Area B,34.2,Area B
MP-2026-500,PERSON_500,26–35,Female,17.394590626419575,78.40781425155363,02:17,Wednesday,Rain,Area C,4.3,34.2,Area B,69.6,Area B
